id,name,full_name,private,html_url,description,fork,url,forks_url,keys_url,collaborators_url,teams_url,hooks_url,issue_events_url,events_url,assignees_url,branches_url,tags_url,blobs_url,git_tags_url,git_refs_url,trees_url,statuses_url,languages_url,stargazers_url,contributors_url,subscribers_url,subscription_url,commits_url,git_commits_url,comments_url,issue_comment_url,contents_url,compare_url,merges_url,archive_url,downloads_url,issues_url,pulls_url,milestones_url,notifications_url,labels_url,releases_url,created_at,updated_at,pushed_at,git_url,ssh_url,clone_url,svn_url,homepage,size,stargazers_count,watchers_count,language,has_issues,has_downloads,has_wiki,has_pages,forks_count,mirror_url,open_issues_count,forks,open_issues,watchers,default_branch
13491895,free-programming-books,vhf/free-programming-books,FALSE,https://github.com/vhf/free-programming-books,,FALSE,https://api.github.com/repos/vhf/free-programming-books,https://api.github.com/repos/vhf/free-programming-books/forks,https://api.github.com/repos/vhf/free-programming-books/keys{/key_id},https://api.github.com/repos/vhf/free-programming-books/collaborators{/collaborator},https://api.github.com/repos/vhf/free-programming-books/teams,https://api.github.com/repos/vhf/free-programming-books/hooks,https://api.github.com/repos/vhf/free-programming-books/issues/events{/number},https://api.github.com/repos/vhf/free-programming-books/events,https://api.github.com/repos/vhf/free-programming-books/assignees{/user},https://api.github.com/repos/vhf/free-programming-books/branches{/branch},https://api.github.com/repos/vhf/free-programming-books/tags,https://api.github.com/repos/vhf/free-programming-books/git/blobs{/sha},https://api.github.com/repos/vhf/free-programming-books/git/tags{/sha},https://api.github.com/repos/vhf/free-programming-books/git/refs{/sha},https://api.github.com/repos/vhf/free-programming-books/git/trees{/sha},https://api.github.com/repos/vhf/free-programming-books/statuses/{sha},https://api.github.com/repos/vhf/free-programming-books/languages,https://api.github.com/repos/vhf/free-programming-books/stargazers,https://api.github.com/repos/vhf/free-programming-books/contributors,https://api.github.com/repos/vhf/free-programming-books/subscribers,https://api.github.com/repos/vhf/free-programming-books/subscription,https://api.github.com/repos/vhf/free-programming-books/commits{/sha},https://api.github.com/repos/vhf/free-programming-books/git/commits{/sha},https://api.github.com/repos/vhf/free-programming-books/comments{/number},https://api.github.com/repos/vhf/free-programming-books/issues/comments{/number},https://api.github.com/repos/vhf/free-programming-books/contents/{+path},https://api.github.com/repos/vhf/free-programming-books/compare/{base}...{head},https://api.github.com/repos/vhf/free-programming-books/merges,https://api.github.com/repos/vhf/free-programming-books/{archive_format}{/ref},https://api.github.com/repos/vhf/free-programming-books/downloads,https://api.github.com/repos/vhf/free-programming-books/issues{/number},https://api.github.com/repos/vhf/free-programming-books/pulls{/number},https://api.github.com/repos/vhf/free-programming-books/milestones{/number},"https://api.github.com/repos/vhf/free-programming-books/notifications{?since,all,participating}",https://api.github.com/repos/vhf/free-programming-books/labels{/name},https://api.github.com/repos/vhf/free-programming-books/releases{/id},2013-10-11T06:50:37Z,2015-06-16T19:30:49Z,2015-06-16T19:14:25Z,git://github.com/vhf/free-programming-books.git,git@github.com:vhf/free-programming-books.git,https://github.com/vhf/free-programming-books.git,https://github.com/vhf/free-programming-books,http://resrc.io/list/10/list-of-free-programming-books/,10495,40586,40586,NA,TRUE,TRUE,TRUE,FALSE,9076,NA,37,9076,37,40586,master
2325298,linux,torvalds/linux,FALSE,https://github.com/torvalds/linux,Linux kernel source tree,FALSE,https://api.github.com/repos/torvalds/linux,https://api.github.com/repos/torvalds/linux/forks,https://api.github.com/repos/torvalds/linux/keys{/key_id},https://api.github.com/repos/torvalds/linux/collaborators{/collaborator},https://api.github.com/repos/torvalds/linux/teams,https://api.github.com/repos/torvalds/linux/hooks,https://api.github.com/repos/torvalds/linux/issues/events{/number},https://api.github.com/repos/torvalds/linux/events,https://api.github.com/repos/torvalds/linux/assignees{/user},https://api.github.com/repos/torvalds/linux/branches{/branch},https://api.github.com/repos/torvalds/linux/tags,https://api.github.com/repos/torvalds/linux/git/blobs{/sha},https://api.github.com/repos/torvalds/linux/git/tags{/sha},https://api.github.com/repos/torvalds/linux/git/refs{/sha},https://api.github.com/repos/torvalds/linux/git/trees{/sha},https://api.github.com/repos/torvalds/linux/statuses/{sha},https://api.github.com/repos/torvalds/linux/languages,https://api.github.com/repos/torvalds/linux/stargazers,https://api.github.com/repos/torvalds/linux/contributors,https://api.github.com/repos/torvalds/linux/subscribers,https://api.github.com/repos/torvalds/linux/subscription,https://api.github.com/repos/torvalds/linux/commits{/sha},https://api.github.com/repos/torvalds/linux/git/commits{/sha},https://api.github.com/repos/torvalds/linux/comments{/number},https://api.github.com/repos/torvalds/linux/issues/comments{/number},https://api.github.com/repos/torvalds/linux/contents/{+path},https://api.github.com/repos/torvalds/linux/compare/{base}...{head},https://api.github.com/repos/torvalds/linux/merges,https://api.github.com/repos/torvalds/linux/{archive_format}{/ref},https://api.github.com/repos/torvalds/linux/downloads,https://api.github.com/repos/torvalds/linux/issues{/number},https://api.github.com/repos/torvalds/linux/pulls{/number},https://api.github.com/repos/torvalds/linux/milestones{/number},"https://api.github.com/repos/torvalds/linux/notifications{?since,all,participating}",https://api.github.com/repos/torvalds/linux/labels{/name},https://api.github.com/repos/torvalds/linux/releases{/id},2011-09-04T22:48:12Z,2015-06-16T19:16:45Z,2015-06-15T01:54:14Z,git://github.com/torvalds/linux.git,git@github.com:torvalds/linux.git,https://github.com/torvalds/linux.git,https://github.com/torvalds/linux,,1713774,23304,23304,C,FALSE,TRUE,FALSE,FALSE,9242,NA,77,9242,77,23304,master
576201,three.js,mrdoob/three.js,FALSE,https://github.com/mrdoob/three.js,JavaScript 3D library.,FALSE,https://api.github.com/repos/mrdoob/three.js,https://api.github.com/repos/mrdoob/three.js/forks,https://api.github.com/repos/mrdoob/three.js/keys{/key_id},https://api.github.com/repos/mrdoob/three.js/collaborators{/collaborator},https://api.github.com/repos/mrdoob/three.js/teams,https://api.github.com/repos/mrdoob/three.js/hooks,https://api.github.com/repos/mrdoob/three.js/issues/events{/number},https://api.github.com/repos/mrdoob/three.js/events,https://api.github.com/repos/mrdoob/three.js/assignees{/user},https://api.github.com/repos/mrdoob/three.js/branches{/branch},https://api.github.com/repos/mrdoob/three.js/tags,https://api.github.com/repos/mrdoob/three.js/git/blobs{/sha},https://api.github.com/repos/mrdoob/three.js/git/tags{/sha},https://api.github.com/repos/mrdoob/three.js/git/refs{/sha},https://api.github.com/repos/mrdoob/three.js/git/trees{/sha},https://api.github.com/repos/mrdoob/three.js/statuses/{sha},https://api.github.com/repos/mrdoob/three.js/languages,https://api.github.com/repos/mrdoob/three.js/stargazers,https://api.github.com/repos/mrdoob/three.js/contributors,https://api.github.com/repos/mrdoob/three.js/subscribers,https://api.github.com/repos/mrdoob/three.js/subscription,https://api.github.com/repos/mrdoob/three.js/commits{/sha},https://api.github.com/repos/mrdoob/three.js/git/commits{/sha},https://api.github.com/repos/mrdoob/three.js/comments{/number},https://api.github.com/repos/mrdoob/three.js/issues/comments{/number},https://api.github.com/repos/mrdoob/three.js/contents/{+path},https://api.github.com/repos/mrdoob/three.js/compare/{base}...{head},https://api.github.com/repos/mrdoob/three.js/merges,https://api.github.com/repos/mrdoob/three.js/{archive_format}{/ref},https://api.github.com/repos/mrdoob/three.js/downloads,https://api.github.com/repos/mrdoob/three.js/issues{/number},https://api.github.com/repos/mrdoob/three.js/pulls{/number},https://api.github.com/repos/mrdoob/three.js/milestones{/number},"https://api.github.com/repos/mrdoob/three.js/notifications{?since,all,participating}",https://api.github.com/repos/mrdoob/three.js/labels{/name},https://api.github.com/repos/mrdoob/three.js/releases{/id},2010-03-23T18:58:01Z,2015-06-16T12:02:19Z,2015-06-16T09:53:36Z,git://github.com/mrdoob/three.js.git,git@github.com:mrdoob/three.js.git,https://github.com/mrdoob/three.js.git,https://github.com/mrdoob/three.js,http://threejs.org/,381618,19946,19946,JavaScript,TRUE,FALSE,TRUE,TRUE,5984,NA,850,5984,850,19946,master
596892,flask,mitsuhiko/flask,FALSE,https://github.com/mitsuhiko/flask,"A microframework based on Werkzeug, Jinja2 and good intentions",FALSE,https://api.github.com/repos/mitsuhiko/flask,https://api.github.com/repos/mitsuhiko/flask/forks,https://api.github.com/repos/mitsuhiko/flask/keys{/key_id},https://api.github.com/repos/mitsuhiko/flask/collaborators{/collaborator},https://api.github.com/repos/mitsuhiko/flask/teams,https://api.github.com/repos/mitsuhiko/flask/hooks,https://api.github.com/repos/mitsuhiko/flask/issues/events{/number},https://api.github.com/repos/mitsuhiko/flask/events,https://api.github.com/repos/mitsuhiko/flask/assignees{/user},https://api.github.com/repos/mitsuhiko/flask/branches{/branch},https://api.github.com/repos/mitsuhiko/flask/tags,https://api.github.com/repos/mitsuhiko/flask/git/blobs{/sha},https://api.github.com/repos/mitsuhiko/flask/git/tags{/sha},https://api.github.com/repos/mitsuhiko/flask/git/refs{/sha},https://api.github.com/repos/mitsuhiko/flask/git/trees{/sha},https://api.github.com/repos/mitsuhiko/flask/statuses/{sha},https://api.github.com/repos/mitsuhiko/flask/languages,https://api.github.com/repos/mitsuhiko/flask/stargazers,https://api.github.com/repos/mitsuhiko/flask/contributors,https://api.github.com/repos/mitsuhiko/flask/subscribers,https://api.github.com/repos/mitsuhiko/flask/subscription,https://api.github.com/repos/mitsuhiko/flask/commits{/sha},https://api.github.com/repos/mitsuhiko/flask/git/commits{/sha},https://api.github.com/repos/mitsuhiko/flask/comments{/number},https://api.github.com/repos/mitsuhiko/flask/issues/comments{/number},https://api.github.com/repos/mitsuhiko/flask/contents/{+path},https://api.github.com/repos/mitsuhiko/flask/compare/{base}...{head},https://api.github.com/repos/mitsuhiko/flask/merges,https://api.github.com/repos/mitsuhiko/flask/{archive_format}{/ref},https://api.github.com/repos/mitsuhiko/flask/downloads,https://api.github.com/repos/mitsuhiko/flask/issues{/number},https://api.github.com/repos/mitsuhiko/flask/pulls{/number},https://api.github.com/repos/mitsuhiko/flask/milestones{/number},"https://api.github.com/repos/mitsuhiko/flask/notifications{?since,all,participating}",https://api.github.com/repos/mitsuhiko/flask/labels{/name},https://api.github.com/repos/mitsuhiko/flask/releases{/id},2010-04-06T11:11:59Z,2015-06-16T14:34:20Z,2015-06-13T15:55:12Z,git://github.com/mitsuhiko/flask.git,git@github.com:mitsuhiko/flask.git,https://github.com/mitsuhiko/flask.git,https://github.com/mitsuhiko/flask,http://flask.pocoo.org/,15818,14457,14457,Python,TRUE,TRUE,TRUE,FALSE,4195,NA,149,4195,149,14457,master
156018,redis,antirez/redis,FALSE,https://github.com/antirez/redis,"Redis is an in-memory database that persists on disk. The data model is key-value, but many different kind of values are supported: Strings, Lists, Sets, Sorted Sets, Hashes, HyperLogLogs, Bitmaps.",FALSE,https://api.github.com/repos/antirez/redis,https://api.github.com/repos/antirez/redis/forks,https://api.github.com/repos/antirez/redis/keys{/key_id},https://api.github.com/repos/antirez/redis/collaborators{/collaborator},https://api.github.com/repos/antirez/redis/teams,https://api.github.com/repos/antirez/redis/hooks,https://api.github.com/repos/antirez/redis/issues/events{/number},https://api.github.com/repos/antirez/redis/events,https://api.github.com/repos/antirez/redis/assignees{/user},https://api.github.com/repos/antirez/redis/branches{/branch},https://api.github.com/repos/antirez/redis/tags,https://api.github.com/repos/antirez/redis/git/blobs{/sha},https://api.github.com/repos/antirez/redis/git/tags{/sha},https://api.github.com/repos/antirez/redis/git/refs{/sha},https://api.github.com/repos/antirez/redis/git/trees{/sha},https://api.github.com/repos/antirez/redis/statuses/{sha},https://api.github.com/repos/antirez/redis/languages,https://api.github.com/repos/antirez/redis/stargazers,https://api.github.com/repos/antirez/redis/contributors,https://api.github.com/repos/antirez/redis/subscribers,https://api.github.com/repos/antirez/redis/subscription,https://api.github.com/repos/antirez/redis/commits{/sha},https://api.github.com/repos/antirez/redis/git/commits{/sha},https://api.github.com/repos/antirez/redis/comments{/number},https://api.github.com/repos/antirez/redis/issues/comments{/number},https://api.github.com/repos/antirez/redis/contents/{+path},https://api.github.com/repos/antirez/redis/compare/{base}...{head},https://api.github.com/repos/antirez/redis/merges,https://api.github.com/repos/antirez/redis/{archive_format}{/ref},https://api.github.com/repos/antirez/redis/downloads,https://api.github.com/repos/antirez/redis/issues{/number},https://api.github.com/repos/antirez/redis/pulls{/number},https://api.github.com/repos/antirez/redis/milestones{/number},"https://api.github.com/repos/antirez/redis/notifications{?since,all,participating}",https://api.github.com/repos/antirez/redis/labels{/name},https://api.github.com/repos/antirez/redis/releases{/id},2009-03-21T22:32:25Z,2015-06-16T15:34:06Z,2015-06-16T00:34:54Z,git://github.com/antirez/redis.git,git@github.com:antirez/redis.git,https://github.com/antirez/redis.git,https://github.com/antirez/redis,http://redis.io,170831,13771,13771,C,TRUE,TRUE,TRUE,FALSE,4510,NA,749,4510,749,13771,unstable
3022431,backbone-fundamentals,addyosmani/backbone-fundamentals,FALSE,https://github.com/addyosmani/backbone-fundamentals,A creative-commons book on Backbone.js for beginners and advanced users alike,FALSE,https://api.github.com/repos/addyosmani/backbone-fundamentals,https://api.github.com/repos/addyosmani/backbone-fundamentals/forks,https://api.github.com/repos/addyosmani/backbone-fundamentals/keys{/key_id},https://api.github.com/repos/addyosmani/backbone-fundamentals/collaborators{/collaborator},https://api.github.com/repos/addyosmani/backbone-fundamentals/teams,https://api.github.com/repos/addyosmani/backbone-fundamentals/hooks,https://api.github.com/repos/addyosmani/backbone-fundamentals/issues/events{/number},https://api.github.com/repos/addyosmani/backbone-fundamentals/events,https://api.github.com/repos/addyosmani/backbone-fundamentals/assignees{/user},https://api.github.com/repos/addyosmani/backbone-fundamentals/branches{/branch},https://api.github.com/repos/addyosmani/backbone-fundamentals/tags,https://api.github.com/repos/addyosmani/backbone-fundamentals/git/blobs{/sha},https://api.github.com/repos/addyosmani/backbone-fundamentals/git/tags{/sha},https://api.github.com/repos/addyosmani/backbone-fundamentals/git/refs{/sha},https://api.github.com/repos/addyosmani/backbone-fundamentals/git/trees{/sha},https://api.github.com/repos/addyosmani/backbone-fundamentals/statuses/{sha},https://api.github.com/repos/addyosmani/backbone-fundamentals/languages,https://api.github.com/repos/addyosmani/backbone-fundamentals/stargazers,https://api.github.com/repos/addyosmani/backbone-fundamentals/contributors,https://api.github.com/repos/addyosmani/backbone-fundamentals/subscribers,https://api.github.com/repos/addyosmani/backbone-fundamentals/subscription,https://api.github.com/repos/addyosmani/backbone-fundamentals/commits{/sha},https://api.github.com/repos/addyosmani/backbone-fundamentals/git/commits{/sha},https://api.github.com/repos/addyosmani/backbone-fundamentals/comments{/number},https://api.github.com/repos/addyosmani/backbone-fundamentals/issues/comments{/number},https://api.github.com/repos/addyosmani/backbone-fundamentals/contents/{+path},https://api.github.com/repos/addyosmani/backbone-fundamentals/compare/{base}...{head},https://api.github.com/repos/addyosmani/backbone-fundamentals/merges,https://api.github.com/repos/addyosmani/backbone-fundamentals/{archive_format}{/ref},https://api.github.com/repos/addyosmani/backbone-fundamentals/downloads,https://api.github.com/repos/addyosmani/backbone-fundamentals/issues{/number},https://api.github.com/repos/addyosmani/backbone-fundamentals/pulls{/number},https://api.github.com/repos/addyosmani/backbone-fundamentals/milestones{/number},"https://api.github.com/repos/addyosmani/backbone-fundamentals/notifications{?since,all,participating}",https://api.github.com/repos/addyosmani/backbone-fundamentals/labels{/name},https://api.github.com/repos/addyosmani/backbone-fundamentals/releases{/id},2011-12-20T20:49:44Z,2015-06-16T15:50:34Z,2015-06-12T20:18:38Z,git://github.com/addyosmani/backbone-fundamentals.git,git@github.com:addyosmani/backbone-fundamentals.git,https://github.com/addyosmani/backbone-fundamentals.git,https://github.com/addyosmani/backbone-fundamentals,http://addyosmani.github.io/backbone-fundamentals/,134163,9028,9028,JavaScript,TRUE,TRUE,TRUE,TRUE,1454,NA,53,1454,53,9028,gh-pages
9393759,phaser,photonstorm/phaser,FALSE,https://github.com/photonstorm/phaser,"Phaser is a fun, free and fast 2D game framework for making HTML5 games for desktop and mobile web browsers, supporting Canvas and WebGL rendering.",FALSE,https://api.github.com/repos/photonstorm/phaser,https://api.github.com/repos/photonstorm/phaser/forks,https://api.github.com/repos/photonstorm/phaser/keys{/key_id},https://api.github.com/repos/photonstorm/phaser/collaborators{/collaborator},https://api.github.com/repos/photonstorm/phaser/teams,https://api.github.com/repos/photonstorm/phaser/hooks,https://api.github.com/repos/photonstorm/phaser/issues/events{/number},https://api.github.com/repos/photonstorm/phaser/events,https://api.github.com/repos/photonstorm/phaser/assignees{/user},https://api.github.com/repos/photonstorm/phaser/branches{/branch},https://api.github.com/repos/photonstorm/phaser/tags,https://api.github.com/repos/photonstorm/phaser/git/blobs{/sha},https://api.github.com/repos/photonstorm/phaser/git/tags{/sha},https://api.github.com/repos/photonstorm/phaser/git/refs{/sha},https://api.github.com/repos/photonstorm/phaser/git/trees{/sha},https://api.github.com/repos/photonstorm/phaser/statuses/{sha},https://api.github.com/repos/photonstorm/phaser/languages,https://api.github.com/repos/photonstorm/phaser/stargazers,https://api.github.com/repos/photonstorm/phaser/contributors,https://api.github.com/repos/photonstorm/phaser/subscribers,https://api.github.com/repos/photonstorm/phaser/subscription,https://api.github.com/repos/photonstorm/phaser/commits{/sha},https://api.github.com/repos/photonstorm/phaser/git/commits{/sha},https://api.github.com/repos/photonstorm/phaser/comments{/number},https://api.github.com/repos/photonstorm/phaser/issues/comments{/number},https://api.github.com/repos/photonstorm/phaser/contents/{+path},https://api.github.com/repos/photonstorm/phaser/compare/{base}...{head},https://api.github.com/repos/photonstorm/phaser/merges,https://api.github.com/repos/photonstorm/phaser/{archive_format}{/ref},https://api.github.com/repos/photonstorm/phaser/downloads,https://api.github.com/repos/photonstorm/phaser/issues{/number},https://api.github.com/repos/photonstorm/phaser/pulls{/number},https://api.github.com/repos/photonstorm/phaser/milestones{/number},"https://api.github.com/repos/photonstorm/phaser/notifications{?since,all,participating}",https://api.github.com/repos/photonstorm/phaser/labels{/name},https://api.github.com/repos/photonstorm/phaser/releases{/id},2013-04-12T12:27:51Z,2015-06-16T15:23:56Z,2015-06-16T18:10:07Z,git://github.com/photonstorm/phaser.git,git@github.com:photonstorm/phaser.git,https://github.com/photonstorm/phaser.git,https://github.com/photonstorm/phaser,http://phaser.io,193549,8796,8796,JavaScript,TRUE,TRUE,FALSE,FALSE,3100,NA,72,3100,72,8796,master
22362099,angular-styleguide,johnpapa/angular-styleguide,FALSE,https://github.com/johnpapa/angular-styleguide,Angular Style Guide: A starting point for Angular development teams to provide consistency through good practices.,FALSE,https://api.github.com/repos/johnpapa/angular-styleguide,https://api.github.com/repos/johnpapa/angular-styleguide/forks,https://api.github.com/repos/johnpapa/angular-styleguide/keys{/key_id},https://api.github.com/repos/johnpapa/angular-styleguide/collaborators{/collaborator},https://api.github.com/repos/johnpapa/angular-styleguide/teams,https://api.github.com/repos/johnpapa/angular-styleguide/hooks,https://api.github.com/repos/johnpapa/angular-styleguide/issues/events{/number},https://api.github.com/repos/johnpapa/angular-styleguide/events,https://api.github.com/repos/johnpapa/angular-styleguide/assignees{/user},https://api.github.com/repos/johnpapa/angular-styleguide/branches{/branch},https://api.github.com/repos/johnpapa/angular-styleguide/tags,https://api.github.com/repos/johnpapa/angular-styleguide/git/blobs{/sha},https://api.github.com/repos/johnpapa/angular-styleguide/git/tags{/sha},https://api.github.com/repos/johnpapa/angular-styleguide/git/refs{/sha},https://api.github.com/repos/johnpapa/angular-styleguide/git/trees{/sha},https://api.github.com/repos/johnpapa/angular-styleguide/statuses/{sha},https://api.github.com/repos/johnpapa/angular-styleguide/languages,https://api.github.com/repos/johnpapa/angular-styleguide/stargazers,https://api.github.com/repos/johnpapa/angular-styleguide/contributors,https://api.github.com/repos/johnpapa/angular-styleguide/subscribers,https://api.github.com/repos/johnpapa/angular-styleguide/subscription,https://api.github.com/repos/johnpapa/angular-styleguide/commits{/sha},https://api.github.com/repos/johnpapa/angular-styleguide/git/commits{/sha},https://api.github.com/repos/johnpapa/angular-styleguide/comments{/number},https://api.github.com/repos/johnpapa/angular-styleguide/issues/comments{/number},https://api.github.com/repos/johnpapa/angular-styleguide/contents/{+path},https://api.github.com/repos/johnpapa/angular-styleguide/compare/{base}...{head},https://api.github.com/repos/johnpapa/angular-styleguide/merges,https://api.github.com/repos/johnpapa/angular-styleguide/{archive_format}{/ref},https://api.github.com/repos/johnpapa/angular-styleguide/downloads,https://api.github.com/repos/johnpapa/angular-styleguide/issues{/number},https://api.github.com/repos/johnpapa/angular-styleguide/pulls{/number},https://api.github.com/repos/johnpapa/angular-styleguide/milestones{/number},"https://api.github.com/repos/johnpapa/angular-styleguide/notifications{?since,all,participating}",https://api.github.com/repos/johnpapa/angular-styleguide/labels{/name},https://api.github.com/repos/johnpapa/angular-styleguide/releases{/id},2014-07-29T00:07:51Z,2015-06-16T19:09:40Z,2015-06-15T11:58:25Z,git://github.com/johnpapa/angular-styleguide.git,git@github.com:johnpapa/angular-styleguide.git,https://github.com/johnpapa/angular-styleguide.git,https://github.com/johnpapa/angular-styleguide,http://johnpapa.net,5210,8610,8610,NA,TRUE,TRUE,FALSE,FALSE,1193,NA,22,1193,22,8610,master
1357796,emscripten,kripken/emscripten,FALSE,https://github.com/kripken/emscripten,Emscripten: An LLVM-to-JavaScript Compiler,FALSE,https://api.github.com/repos/kripken/emscripten,https://api.github.com/repos/kripken/emscripten/forks,https://api.github.com/repos/kripken/emscripten/keys{/key_id},https://api.github.com/repos/kripken/emscripten/collaborators{/collaborator},https://api.github.com/repos/kripken/emscripten/teams,https://api.github.com/repos/kripken/emscripten/hooks,https://api.github.com/repos/kripken/emscripten/issues/events{/number},https://api.github.com/repos/kripken/emscripten/events,https://api.github.com/repos/kripken/emscripten/assignees{/user},https://api.github.com/repos/kripken/emscripten/branches{/branch},https://api.github.com/repos/kripken/emscripten/tags,https://api.github.com/repos/kripken/emscripten/git/blobs{/sha},https://api.github.com/repos/kripken/emscripten/git/tags{/sha},https://api.github.com/repos/kripken/emscripten/git/refs{/sha},https://api.github.com/repos/kripken/emscripten/git/trees{/sha},https://api.github.com/repos/kripken/emscripten/statuses/{sha},https://api.github.com/repos/kripken/emscripten/languages,https://api.github.com/repos/kripken/emscripten/stargazers,https://api.github.com/repos/kripken/emscripten/contributors,https://api.github.com/repos/kripken/emscripten/subscribers,https://api.github.com/repos/kripken/emscripten/subscription,https://api.github.com/repos/kripken/emscripten/commits{/sha},https://api.github.com/repos/kripken/emscripten/git/commits{/sha},https://api.github.com/repos/kripken/emscripten/comments{/number},https://api.github.com/repos/kripken/emscripten/issues/comments{/number},https://api.github.com/repos/kripken/emscripten/contents/{+path},https://api.github.com/repos/kripken/emscripten/compare/{base}...{head},https://api.github.com/repos/kripken/emscripten/merges,https://api.github.com/repos/kripken/emscripten/{archive_format}{/ref},https://api.github.com/repos/kripken/emscripten/downloads,https://api.github.com/repos/kripken/emscripten/issues{/number},https://api.github.com/repos/kripken/emscripten/pulls{/number},https://api.github.com/repos/kripken/emscripten/milestones{/number},"https://api.github.com/repos/kripken/emscripten/notifications{?since,all,participating}",https://api.github.com/repos/kripken/emscripten/labels{/name},https://api.github.com/repos/kripken/emscripten/releases{/id},2011-02-12T05:23:30Z,2015-06-16T07:17:46Z,2015-06-16T18:38:11Z,git://github.com/kripken/emscripten.git,git@github.com:kripken/emscripten.git,https://github.com/kripken/emscripten.git,https://github.com/kripken/emscripten,,242236,8418,8418,C,TRUE,TRUE,TRUE,FALSE,971,NA,611,971,611,8418,master
15653276,android-open-project,Trinea/android-open-project,FALSE,https://github.com/Trinea/android-open-project,Collect and classify android open source projects <U+5FAE><U+4FE1><U+516C><U+4F17><U+53F7>:codekk <U+5FAE><U+535A>:,FALSE,https://api.github.com/repos/Trinea/android-open-project,https://api.github.com/repos/Trinea/android-open-project/forks,https://api.github.com/repos/Trinea/android-open-project/keys{/key_id},https://api.github.com/repos/Trinea/android-open-project/collaborators{/collaborator},https://api.github.com/repos/Trinea/android-open-project/teams,https://api.github.com/repos/Trinea/android-open-project/hooks,https://api.github.com/repos/Trinea/android-open-project/issues/events{/number},https://api.github.com/repos/Trinea/android-open-project/events,https://api.github.com/repos/Trinea/android-open-project/assignees{/user},https://api.github.com/repos/Trinea/android-open-project/branches{/branch},https://api.github.com/repos/Trinea/android-open-project/tags,https://api.github.com/repos/Trinea/android-open-project/git/blobs{/sha},https://api.github.com/repos/Trinea/android-open-project/git/tags{/sha},https://api.github.com/repos/Trinea/android-open-project/git/refs{/sha},https://api.github.com/repos/Trinea/android-open-project/git/trees{/sha},https://api.github.com/repos/Trinea/android-open-project/statuses/{sha},https://api.github.com/repos/Trinea/android-open-project/languages,https://api.github.com/repos/Trinea/android-open-project/stargazers,https://api.github.com/repos/Trinea/android-open-project/contributors,https://api.github.com/repos/Trinea/android-open-project/subscribers,https://api.github.com/repos/Trinea/android-open-project/subscription,https://api.github.com/repos/Trinea/android-open-project/commits{/sha},https://api.github.com/repos/Trinea/android-open-project/git/commits{/sha},https://api.github.com/repos/Trinea/android-open-project/comments{/number},https://api.github.com/repos/Trinea/android-open-project/issues/comments{/number},https://api.github.com/repos/Trinea/android-open-project/contents/{+path},https://api.github.com/repos/Trinea/android-open-project/compare/{base}...{head},https://api.github.com/repos/Trinea/android-open-project/merges,https://api.github.com/repos/Trinea/android-open-project/{archive_format}{/ref},https://api.github.com/repos/Trinea/android-open-project/downloads,https://api.github.com/repos/Trinea/android-open-project/issues{/number},https://api.github.com/repos/Trinea/android-open-project/pulls{/number},https://api.github.com/repos/Trinea/android-open-project/milestones{/number},"https://api.github.com/repos/Trinea/android-open-project/notifications{?since,all,participating}",https://api.github.com/repos/Trinea/android-open-project/labels{/name},https://api.github.com/repos/Trinea/android-open-project/releases{/id},2014-01-05T15:20:15Z,2015-06-16T15:49:43Z,2015-06-09T03:38:08Z,git://github.com/Trinea/android-open-project.git,git@github.com:Trinea/android-open-project.git,https://github.com/Trinea/android-open-project.git,https://github.com/Trinea/android-open-project,http://weibo.com/trinea,3500,8407,8407,NA,TRUE,TRUE,TRUE,FALSE,4783,NA,24,4783,24,8407,master
14807173,How-to-Make-a-Computer-Operating-System,SamyPesse/How-to-Make-a-Computer-Operating-System,FALSE,https://github.com/SamyPesse/How-to-Make-a-Computer-Operating-System,How to Make a Computer Operating System in C++,FALSE,https://api.github.com/repos/SamyPesse/How-to-Make-a-Computer-Operating-System,https://api.github.com/repos/SamyPesse/How-to-Make-a-Computer-Operating-System/forks,https://api.github.com/repos/SamyPesse/How-to-Make-a-Computer-Operating-System/keys{/key_id},https://api.github.com/repos/SamyPesse/How-to-Make-a-Computer-Operating-System/collaborators{/collaborator},https://api.github.com/repos/SamyPesse/How-to-Make-a-Computer-Operating-System/teams,https://api.github.com/repos/SamyPesse/How-to-Make-a-Computer-Operating-System/hooks,https://api.github.com/repos/SamyPesse/How-to-Make-a-Computer-Operating-System/issues/events{/number},https://api.github.com/repos/SamyPesse/How-to-Make-a-Computer-Operating-System/events,https://api.github.com/repos/SamyPesse/How-to-Make-a-Computer-Operating-System/assignees{/user},https://api.github.com/repos/SamyPesse/How-to-Make-a-Computer-Operating-System/branches{/branch},https://api.github.com/repos/SamyPesse/How-to-Make-a-Computer-Operating-System/tags,https://api.github.com/repos/SamyPesse/How-to-Make-a-Computer-Operating-System/git/blobs{/sha},https://api.github.com/repos/SamyPesse/How-to-Make-a-Computer-Operating-System/git/tags{/sha},https://api.github.com/repos/SamyPesse/How-to-Make-a-Computer-Operating-System/git/refs{/sha},https://api.github.com/repos/SamyPesse/How-to-Make-a-Computer-Operating-System/git/trees{/sha},https://api.github.com/repos/SamyPesse/How-to-Make-a-Computer-Operating-System/statuses/{sha},https://api.github.com/repos/SamyPesse/How-to-Make-a-Computer-Operating-System/languages,https://api.github.com/repos/SamyPesse/How-to-Make-a-Computer-Operating-System/stargazers,https://api.github.com/repos/SamyPesse/How-to-Make-a-Computer-Operating-System/contributors,https://api.github.com/repos/SamyPesse/How-to-Make-a-Computer-Operating-System/subscribers,https://api.github.com/repos/SamyPesse/How-to-Make-a-Computer-Operating-System/subscription,https://api.github.com/repos/SamyPesse/How-to-Make-a-Computer-Operating-System/commits{/sha},https://api.github.com/repos/SamyPesse/How-to-Make-a-Computer-Operating-System/git/commits{/sha},https://api.github.com/repos/SamyPesse/How-to-Make-a-Computer-Operating-System/comments{/number},https://api.github.com/repos/SamyPesse/How-to-Make-a-Computer-Operating-System/issues/comments{/number},https://api.github.com/repos/SamyPesse/How-to-Make-a-Computer-Operating-System/contents/{+path},https://api.github.com/repos/SamyPesse/How-to-Make-a-Computer-Operating-System/compare/{base}...{head},https://api.github.com/repos/SamyPesse/How-to-Make-a-Computer-Operating-System/merges,https://api.github.com/repos/SamyPesse/How-to-Make-a-Computer-Operating-System/{archive_format}{/ref},https://api.github.com/repos/SamyPesse/How-to-Make-a-Computer-Operating-System/downloads,https://api.github.com/repos/SamyPesse/How-to-Make-a-Computer-Operating-System/issues{/number},https://api.github.com/repos/SamyPesse/How-to-Make-a-Computer-Operating-System/pulls{/number},https://api.github.com/repos/SamyPesse/How-to-Make-a-Computer-Operating-System/milestones{/number},"https://api.github.com/repos/SamyPesse/How-to-Make-a-Computer-Operating-System/notifications{?since,all,participating}",https://api.github.com/repos/SamyPesse/How-to-Make-a-Computer-Operating-System/labels{/name},https://api.github.com/repos/SamyPesse/How-to-Make-a-Computer-Operating-System/releases{/id},2013-11-29T17:36:32Z,2015-06-16T14:56:52Z,2015-06-05T16:37:58Z,git://github.com/SamyPesse/How-to-Make-a-Computer-Operating-System.git,git@github.com:SamyPesse/How-to-Make-a-Computer-Operating-System.git,https://github.com/SamyPesse/How-to-Make-a-Computer-Operating-System.git,https://github.com/SamyPesse/How-to-Make-a-Computer-Operating-System,https://www.gitbook.com/book/SamyPesse/how-to-create-an-operating-system,3251,8339,8339,C,TRUE,TRUE,FALSE,FALSE,1414,NA,29,1414,29,8339,master
21540759,awesome-go,avelino/awesome-go,FALSE,https://github.com/avelino/awesome-go,"A curated list of awesome Go frameworks, libraries and software",FALSE,https://api.github.com/repos/avelino/awesome-go,https://api.github.com/repos/avelino/awesome-go/forks,https://api.github.com/repos/avelino/awesome-go/keys{/key_id},https://api.github.com/repos/avelino/awesome-go/collaborators{/collaborator},https://api.github.com/repos/avelino/awesome-go/teams,https://api.github.com/repos/avelino/awesome-go/hooks,https://api.github.com/repos/avelino/awesome-go/issues/events{/number},https://api.github.com/repos/avelino/awesome-go/events,https://api.github.com/repos/avelino/awesome-go/assignees{/user},https://api.github.com/repos/avelino/awesome-go/branches{/branch},https://api.github.com/repos/avelino/awesome-go/tags,https://api.github.com/repos/avelino/awesome-go/git/blobs{/sha},https://api.github.com/repos/avelino/awesome-go/git/tags{/sha},https://api.github.com/repos/avelino/awesome-go/git/refs{/sha},https://api.github.com/repos/avelino/awesome-go/git/trees{/sha},https://api.github.com/repos/avelino/awesome-go/statuses/{sha},https://api.github.com/repos/avelino/awesome-go/languages,https://api.github.com/repos/avelino/awesome-go/stargazers,https://api.github.com/repos/avelino/awesome-go/contributors,https://api.github.com/repos/avelino/awesome-go/subscribers,https://api.github.com/repos/avelino/awesome-go/subscription,https://api.github.com/repos/avelino/awesome-go/commits{/sha},https://api.github.com/repos/avelino/awesome-go/git/commits{/sha},https://api.github.com/repos/avelino/awesome-go/comments{/number},https://api.github.com/repos/avelino/awesome-go/issues/comments{/number},https://api.github.com/repos/avelino/awesome-go/contents/{+path},https://api.github.com/repos/avelino/awesome-go/compare/{base}...{head},https://api.github.com/repos/avelino/awesome-go/merges,https://api.github.com/repos/avelino/awesome-go/{archive_format}{/ref},https://api.github.com/repos/avelino/awesome-go/downloads,https://api.github.com/repos/avelino/awesome-go/issues{/number},https://api.github.com/repos/avelino/awesome-go/pulls{/number},https://api.github.com/repos/avelino/awesome-go/milestones{/number},"https://api.github.com/repos/avelino/awesome-go/notifications{?since,all,participating}",https://api.github.com/repos/avelino/awesome-go/labels{/name},https://api.github.com/repos/avelino/awesome-go/releases{/id},2014-07-06T13:42:15Z,2015-06-16T19:16:15Z,2015-06-16T17:11:21Z,git://github.com/avelino/awesome-go.git,git@github.com:avelino/awesome-go.git,https://github.com/avelino/awesome-go.git,https://github.com/avelino/awesome-go,http://awesome-go.com/,3685,6890,6890,Go,TRUE,TRUE,FALSE,TRUE,675,NA,9,675,9,6890,master
1451060,ActionBarSherlock,JakeWharton/ActionBarSherlock,FALSE,https://github.com/JakeWharton/ActionBarSherlock,[DEPRECATED] Action bar implementation which uses the native action bar on Android 4.0+ and a custom implementation on pre-4.0 through a single API and theme.,FALSE,https://api.github.com/repos/JakeWharton/ActionBarSherlock,https://api.github.com/repos/JakeWharton/ActionBarSherlock/forks,https://api.github.com/repos/JakeWharton/ActionBarSherlock/keys{/key_id},https://api.github.com/repos/JakeWharton/ActionBarSherlock/collaborators{/collaborator},https://api.github.com/repos/JakeWharton/ActionBarSherlock/teams,https://api.github.com/repos/JakeWharton/ActionBarSherlock/hooks,https://api.github.com/repos/JakeWharton/ActionBarSherlock/issues/events{/number},https://api.github.com/repos/JakeWharton/ActionBarSherlock/events,https://api.github.com/repos/JakeWharton/ActionBarSherlock/assignees{/user},https://api.github.com/repos/JakeWharton/ActionBarSherlock/branches{/branch},https://api.github.com/repos/JakeWharton/ActionBarSherlock/tags,https://api.github.com/repos/JakeWharton/ActionBarSherlock/git/blobs{/sha},https://api.github.com/repos/JakeWharton/ActionBarSherlock/git/tags{/sha},https://api.github.com/repos/JakeWharton/ActionBarSherlock/git/refs{/sha},https://api.github.com/repos/JakeWharton/ActionBarSherlock/git/trees{/sha},https://api.github.com/repos/JakeWharton/ActionBarSherlock/statuses/{sha},https://api.github.com/repos/JakeWharton/ActionBarSherlock/languages,https://api.github.com/repos/JakeWharton/ActionBarSherlock/stargazers,https://api.github.com/repos/JakeWharton/ActionBarSherlock/contributors,https://api.github.com/repos/JakeWharton/ActionBarSherlock/subscribers,https://api.github.com/repos/JakeWharton/ActionBarSherlock/subscription,https://api.github.com/repos/JakeWharton/ActionBarSherlock/commits{/sha},https://api.github.com/repos/JakeWharton/ActionBarSherlock/git/commits{/sha},https://api.github.com/repos/JakeWharton/ActionBarSherlock/comments{/number},https://api.github.com/repos/JakeWharton/ActionBarSherlock/issues/comments{/number},https://api.github.com/repos/JakeWharton/ActionBarSherlock/contents/{+path},https://api.github.com/repos/JakeWharton/ActionBarSherlock/compare/{base}...{head},https://api.github.com/repos/JakeWharton/ActionBarSherlock/merges,https://api.github.com/repos/JakeWharton/ActionBarSherlock/{archive_format}{/ref},https://api.github.com/repos/JakeWharton/ActionBarSherlock/downloads,https://api.github.com/repos/JakeWharton/ActionBarSherlock/issues{/number},https://api.github.com/repos/JakeWharton/ActionBarSherlock/pulls{/number},https://api.github.com/repos/JakeWharton/ActionBarSherlock/milestones{/number},"https://api.github.com/repos/JakeWharton/ActionBarSherlock/notifications{?since,all,participating}",https://api.github.com/repos/JakeWharton/ActionBarSherlock/labels{/name},https://api.github.com/repos/JakeWharton/ActionBarSherlock/releases{/id},2011-03-07T17:28:54Z,2015-06-16T08:45:56Z,2014-12-20T02:23:06Z,git://github.com/JakeWharton/ActionBarSherlock.git,git@github.com:JakeWharton/ActionBarSherlock.git,https://github.com/JakeWharton/ActionBarSherlock.git,https://github.com/JakeWharton/ActionBarSherlock,http://actionbarsherlock.com,18403,6861,6861,Java,TRUE,TRUE,FALSE,TRUE,3988,NA,88,3988,88,6861,master
15183485,The-Art-Of-Programming-By-July,julycoding/The-Art-Of-Programming-By-July,FALSE,https://github.com/julycoding/The-Art-Of-Programming-By-July,"<U+4E66><U+540D><U+6682><U+5B9A>«<U+7F16><U+7A0B><U+4E4B><U+6CD5>:<U+9762><U+8BD5><U+548C><U+7B97><U+6CD5><U+5FC3><U+5F97>»,<U+521D><U+7A3F><U+4E8E>14<U+5E74>6<U+6708><U+8F6C><U+79FB><U+5230>Word<U+4E0A><U+4F18><U+5316>,<U+7EB8><U+8D28><U+7248>15<U+5E74><U+4E0A><U+5E02>",FALSE,https://api.github.com/repos/julycoding/The-Art-Of-Programming-By-July,https://api.github.com/repos/julycoding/The-Art-Of-Programming-By-July/forks,https://api.github.com/repos/julycoding/The-Art-Of-Programming-By-July/keys{/key_id},https://api.github.com/repos/julycoding/The-Art-Of-Programming-By-July/collaborators{/collaborator},https://api.github.com/repos/julycoding/The-Art-Of-Programming-By-July/teams,https://api.github.com/repos/julycoding/The-Art-Of-Programming-By-July/hooks,https://api.github.com/repos/julycoding/The-Art-Of-Programming-By-July/issues/events{/number},https://api.github.com/repos/julycoding/The-Art-Of-Programming-By-July/events,https://api.github.com/repos/julycoding/The-Art-Of-Programming-By-July/assignees{/user},https://api.github.com/repos/julycoding/The-Art-Of-Programming-By-July/branches{/branch},https://api.github.com/repos/julycoding/The-Art-Of-Programming-By-July/tags,https://api.github.com/repos/julycoding/The-Art-Of-Programming-By-July/git/blobs{/sha},https://api.github.com/repos/julycoding/The-Art-Of-Programming-By-July/git/tags{/sha},https://api.github.com/repos/julycoding/The-Art-Of-Programming-By-July/git/refs{/sha},https://api.github.com/repos/julycoding/The-Art-Of-Programming-By-July/git/trees{/sha},https://api.github.com/repos/julycoding/The-Art-Of-Programming-By-July/statuses/{sha},https://api.github.com/repos/julycoding/The-Art-Of-Programming-By-July/languages,https://api.github.com/repos/julycoding/The-Art-Of-Programming-By-July/stargazers,https://api.github.com/repos/julycoding/The-Art-Of-Programming-By-July/contributors,https://api.github.com/repos/julycoding/The-Art-Of-Programming-By-July/subscribers,https://api.github.com/repos/julycoding/The-Art-Of-Programming-By-July/subscription,https://api.github.com/repos/julycoding/The-Art-Of-Programming-By-July/commits{/sha},https://api.github.com/repos/julycoding/The-Art-Of-Programming-By-July/git/commits{/sha},https://api.github.com/repos/julycoding/The-Art-Of-Programming-By-July/comments{/number},https://api.github.com/repos/julycoding/The-Art-Of-Programming-By-July/issues/comments{/number},https://api.github.com/repos/julycoding/The-Art-Of-Programming-By-July/contents/{+path},https://api.github.com/repos/julycoding/The-Art-Of-Programming-By-July/compare/{base}...{head},https://api.github.com/repos/julycoding/The-Art-Of-Programming-By-July/merges,https://api.github.com/repos/julycoding/The-Art-Of-Programming-By-July/{archive_format}{/ref},https://api.github.com/repos/julycoding/The-Art-Of-Programming-By-July/downloads,https://api.github.com/repos/julycoding/The-Art-Of-Programming-By-July/issues{/number},https://api.github.com/repos/julycoding/The-Art-Of-Programming-By-July/pulls{/number},https://api.github.com/repos/julycoding/The-Art-Of-Programming-By-July/milestones{/number},"https://api.github.com/repos/julycoding/The-Art-Of-Programming-By-July/notifications{?since,all,participating}",https://api.github.com/repos/julycoding/The-Art-Of-Programming-By-July/labels{/name},https://api.github.com/repos/julycoding/The-Art-Of-Programming-By-July/releases{/id},2013-12-14T10:00:06Z,2015-06-16T15:00:51Z,2015-06-10T09:35:42Z,git://github.com/julycoding/The-Art-Of-Programming-By-July.git,git@github.com:julycoding/The-Art-Of-Programming-By-July.git,https://github.com/julycoding/The-Art-Of-Programming-By-July.git,https://github.com/julycoding/The-Art-Of-Programming-By-July,,34791,6482,6482,C,TRUE,TRUE,TRUE,FALSE,3232,NA,51,3232,51,6482,master
2096579,marked,chjj/marked,FALSE,https://github.com/chjj/marked,A markdown parser and compiler. Built for speed.,FALSE,https://api.github.com/repos/chjj/marked,https://api.github.com/repos/chjj/marked/forks,https://api.github.com/repos/chjj/marked/keys{/key_id},https://api.github.com/repos/chjj/marked/collaborators{/collaborator},https://api.github.com/repos/chjj/marked/teams,https://api.github.com/repos/chjj/marked/hooks,https://api.github.com/repos/chjj/marked/issues/events{/number},https://api.github.com/repos/chjj/marked/events,https://api.github.com/repos/chjj/marked/assignees{/user},https://api.github.com/repos/chjj/marked/branches{/branch},https://api.github.com/repos/chjj/marked/tags,https://api.github.com/repos/chjj/marked/git/blobs{/sha},https://api.github.com/repos/chjj/marked/git/tags{/sha},https://api.github.com/repos/chjj/marked/git/refs{/sha},https://api.github.com/repos/chjj/marked/git/trees{/sha},https://api.github.com/repos/chjj/marked/statuses/{sha},https://api.github.com/repos/chjj/marked/languages,https://api.github.com/repos/chjj/marked/stargazers,https://api.github.com/repos/chjj/marked/contributors,https://api.github.com/repos/chjj/marked/subscribers,https://api.github.com/repos/chjj/marked/subscription,https://api.github.com/repos/chjj/marked/commits{/sha},https://api.github.com/repos/chjj/marked/git/commits{/sha},https://api.github.com/repos/chjj/marked/comments{/number},https://api.github.com/repos/chjj/marked/issues/comments{/number},https://api.github.com/repos/chjj/marked/contents/{+path},https://api.github.com/repos/chjj/marked/compare/{base}...{head},https://api.github.com/repos/chjj/marked/merges,https://api.github.com/repos/chjj/marked/{archive_format}{/ref},https://api.github.com/repos/chjj/marked/downloads,https://api.github.com/repos/chjj/marked/issues{/number},https://api.github.com/repos/chjj/marked/pulls{/number},https://api.github.com/repos/chjj/marked/milestones{/number},"https://api.github.com/repos/chjj/marked/notifications{?since,all,participating}",https://api.github.com/repos/chjj/marked/labels{/name},https://api.github.com/repos/chjj/marked/releases{/id},2011-07-24T13:15:51Z,2015-06-16T15:57:54Z,2015-06-10T22:49:35Z,git://github.com/chjj/marked.git,git@github.com:chjj/marked.git,https://github.com/chjj/marked.git,https://github.com/chjj/marked,,2750,6479,6479,HTML,TRUE,TRUE,TRUE,FALSE,894,NA,294,894,294,6479,master
12512833,solved-by-flexbox,philipwalton/solved-by-flexbox,FALSE,https://github.com/philipwalton/solved-by-flexbox,"A showcase of problems once hard or impossible to solve with CSS alone, now made trivially easy with Flexbox.",FALSE,https://api.github.com/repos/philipwalton/solved-by-flexbox,https://api.github.com/repos/philipwalton/solved-by-flexbox/forks,https://api.github.com/repos/philipwalton/solved-by-flexbox/keys{/key_id},https://api.github.com/repos/philipwalton/solved-by-flexbox/collaborators{/collaborator},https://api.github.com/repos/philipwalton/solved-by-flexbox/teams,https://api.github.com/repos/philipwalton/solved-by-flexbox/hooks,https://api.github.com/repos/philipwalton/solved-by-flexbox/issues/events{/number},https://api.github.com/repos/philipwalton/solved-by-flexbox/events,https://api.github.com/repos/philipwalton/solved-by-flexbox/assignees{/user},https://api.github.com/repos/philipwalton/solved-by-flexbox/branches{/branch},https://api.github.com/repos/philipwalton/solved-by-flexbox/tags,https://api.github.com/repos/philipwalton/solved-by-flexbox/git/blobs{/sha},https://api.github.com/repos/philipwalton/solved-by-flexbox/git/tags{/sha},https://api.github.com/repos/philipwalton/solved-by-flexbox/git/refs{/sha},https://api.github.com/repos/philipwalton/solved-by-flexbox/git/trees{/sha},https://api.github.com/repos/philipwalton/solved-by-flexbox/statuses/{sha},https://api.github.com/repos/philipwalton/solved-by-flexbox/languages,https://api.github.com/repos/philipwalton/solved-by-flexbox/stargazers,https://api.github.com/repos/philipwalton/solved-by-flexbox/contributors,https://api.github.com/repos/philipwalton/solved-by-flexbox/subscribers,https://api.github.com/repos/philipwalton/solved-by-flexbox/subscription,https://api.github.com/repos/philipwalton/solved-by-flexbox/commits{/sha},https://api.github.com/repos/philipwalton/solved-by-flexbox/git/commits{/sha},https://api.github.com/repos/philipwalton/solved-by-flexbox/comments{/number},https://api.github.com/repos/philipwalton/solved-by-flexbox/issues/comments{/number},https://api.github.com/repos/philipwalton/solved-by-flexbox/contents/{+path},https://api.github.com/repos/philipwalton/solved-by-flexbox/compare/{base}...{head},https://api.github.com/repos/philipwalton/solved-by-flexbox/merges,https://api.github.com/repos/philipwalton/solved-by-flexbox/{archive_format}{/ref},https://api.github.com/repos/philipwalton/solved-by-flexbox/downloads,https://api.github.com/repos/philipwalton/solved-by-flexbox/issues{/number},https://api.github.com/repos/philipwalton/solved-by-flexbox/pulls{/number},https://api.github.com/repos/philipwalton/solved-by-flexbox/milestones{/number},"https://api.github.com/repos/philipwalton/solved-by-flexbox/notifications{?since,all,participating}",https://api.github.com/repos/philipwalton/solved-by-flexbox/labels{/name},https://api.github.com/repos/philipwalton/solved-by-flexbox/releases{/id},2013-08-31T23:04:51Z,2015-06-16T16:37:10Z,2015-05-29T02:59:01Z,git://github.com/philipwalton/solved-by-flexbox.git,git@github.com:philipwalton/solved-by-flexbox.git,https://github.com/philipwalton/solved-by-flexbox.git,https://github.com/philipwalton/solved-by-flexbox,http://philipwalton.github.io/solved-by-flexbox/,2010,6082,6082,CSS,TRUE,TRUE,TRUE,TRUE,396,NA,9,396,9,6082,master
2579314,Faker,fzaninotto/Faker,FALSE,https://github.com/fzaninotto/Faker,Faker is a PHP library that generates fake data for you,FALSE,https://api.github.com/repos/fzaninotto/Faker,https://api.github.com/repos/fzaninotto/Faker/forks,https://api.github.com/repos/fzaninotto/Faker/keys{/key_id},https://api.github.com/repos/fzaninotto/Faker/collaborators{/collaborator},https://api.github.com/repos/fzaninotto/Faker/teams,https://api.github.com/repos/fzaninotto/Faker/hooks,https://api.github.com/repos/fzaninotto/Faker/issues/events{/number},https://api.github.com/repos/fzaninotto/Faker/events,https://api.github.com/repos/fzaninotto/Faker/assignees{/user},https://api.github.com/repos/fzaninotto/Faker/branches{/branch},https://api.github.com/repos/fzaninotto/Faker/tags,https://api.github.com/repos/fzaninotto/Faker/git/blobs{/sha},https://api.github.com/repos/fzaninotto/Faker/git/tags{/sha},https://api.github.com/repos/fzaninotto/Faker/git/refs{/sha},https://api.github.com/repos/fzaninotto/Faker/git/trees{/sha},https://api.github.com/repos/fzaninotto/Faker/statuses/{sha},https://api.github.com/repos/fzaninotto/Faker/languages,https://api.github.com/repos/fzaninotto/Faker/stargazers,https://api.github.com/repos/fzaninotto/Faker/contributors,https://api.github.com/repos/fzaninotto/Faker/subscribers,https://api.github.com/repos/fzaninotto/Faker/subscription,https://api.github.com/repos/fzaninotto/Faker/commits{/sha},https://api.github.com/repos/fzaninotto/Faker/git/commits{/sha},https://api.github.com/repos/fzaninotto/Faker/comments{/number},https://api.github.com/repos/fzaninotto/Faker/issues/comments{/number},https://api.github.com/repos/fzaninotto/Faker/contents/{+path},https://api.github.com/repos/fzaninotto/Faker/compare/{base}...{head},https://api.github.com/repos/fzaninotto/Faker/merges,https://api.github.com/repos/fzaninotto/Faker/{archive_format}{/ref},https://api.github.com/repos/fzaninotto/Faker/downloads,https://api.github.com/repos/fzaninotto/Faker/issues{/number},https://api.github.com/repos/fzaninotto/Faker/pulls{/number},https://api.github.com/repos/fzaninotto/Faker/milestones{/number},"https://api.github.com/repos/fzaninotto/Faker/notifications{?since,all,participating}",https://api.github.com/repos/fzaninotto/Faker/labels{/name},https://api.github.com/repos/fzaninotto/Faker/releases{/id},2011-10-14T22:49:02Z,2015-06-16T13:20:17Z,2015-06-16T16:09:23Z,git://github.com/fzaninotto/Faker.git,git@github.com:fzaninotto/Faker.git,https://github.com/fzaninotto/Faker.git,https://github.com/fzaninotto/Faker,,60389,6024,6024,PHP,TRUE,TRUE,FALSE,FALSE,880,NA,41,880,41,6024,master
10731382,colors,mrmrs/colors,FALSE,https://github.com/mrmrs/colors,Smarter defaults for colors on the web.,FALSE,https://api.github.com/repos/mrmrs/colors,https://api.github.com/repos/mrmrs/colors/forks,https://api.github.com/repos/mrmrs/colors/keys{/key_id},https://api.github.com/repos/mrmrs/colors/collaborators{/collaborator},https://api.github.com/repos/mrmrs/colors/teams,https://api.github.com/repos/mrmrs/colors/hooks,https://api.github.com/repos/mrmrs/colors/issues/events{/number},https://api.github.com/repos/mrmrs/colors/events,https://api.github.com/repos/mrmrs/colors/assignees{/user},https://api.github.com/repos/mrmrs/colors/branches{/branch},https://api.github.com/repos/mrmrs/colors/tags,https://api.github.com/repos/mrmrs/colors/git/blobs{/sha},https://api.github.com/repos/mrmrs/colors/git/tags{/sha},https://api.github.com/repos/mrmrs/colors/git/refs{/sha},https://api.github.com/repos/mrmrs/colors/git/trees{/sha},https://api.github.com/repos/mrmrs/colors/statuses/{sha},https://api.github.com/repos/mrmrs/colors/languages,https://api.github.com/repos/mrmrs/colors/stargazers,https://api.github.com/repos/mrmrs/colors/contributors,https://api.github.com/repos/mrmrs/colors/subscribers,https://api.github.com/repos/mrmrs/colors/subscription,https://api.github.com/repos/mrmrs/colors/commits{/sha},https://api.github.com/repos/mrmrs/colors/git/commits{/sha},https://api.github.com/repos/mrmrs/colors/comments{/number},https://api.github.com/repos/mrmrs/colors/issues/comments{/number},https://api.github.com/repos/mrmrs/colors/contents/{+path},https://api.github.com/repos/mrmrs/colors/compare/{base}...{head},https://api.github.com/repos/mrmrs/colors/merges,https://api.github.com/repos/mrmrs/colors/{archive_format}{/ref},https://api.github.com/repos/mrmrs/colors/downloads,https://api.github.com/repos/mrmrs/colors/issues{/number},https://api.github.com/repos/mrmrs/colors/pulls{/number},https://api.github.com/repos/mrmrs/colors/milestones{/number},"https://api.github.com/repos/mrmrs/colors/notifications{?since,all,participating}",https://api.github.com/repos/mrmrs/colors/labels{/name},https://api.github.com/repos/mrmrs/colors/releases{/id},2013-06-17T06:31:51Z,2015-06-16T18:43:53Z,2015-05-15T01:54:08Z,git://github.com/mrmrs/colors.git,git@github.com:mrmrs/colors.git,https://github.com/mrmrs/colors.git,https://github.com/mrmrs/colors,http://clrs.cc,1429,5992,5992,CSS,TRUE,TRUE,TRUE,TRUE,345,NA,5,345,5,5992,master
1358497,html5shiv,aFarkas/html5shiv,FALSE,https://github.com/aFarkas/html5shiv,This script is the defacto way to enable use of HTML5 sectioning elements in legacy Internet Explorer.,FALSE,https://api.github.com/repos/aFarkas/html5shiv,https://api.github.com/repos/aFarkas/html5shiv/forks,https://api.github.com/repos/aFarkas/html5shiv/keys{/key_id},https://api.github.com/repos/aFarkas/html5shiv/collaborators{/collaborator},https://api.github.com/repos/aFarkas/html5shiv/teams,https://api.github.com/repos/aFarkas/html5shiv/hooks,https://api.github.com/repos/aFarkas/html5shiv/issues/events{/number},https://api.github.com/repos/aFarkas/html5shiv/events,https://api.github.com/repos/aFarkas/html5shiv/assignees{/user},https://api.github.com/repos/aFarkas/html5shiv/branches{/branch},https://api.github.com/repos/aFarkas/html5shiv/tags,https://api.github.com/repos/aFarkas/html5shiv/git/blobs{/sha},https://api.github.com/repos/aFarkas/html5shiv/git/tags{/sha},https://api.github.com/repos/aFarkas/html5shiv/git/refs{/sha},https://api.github.com/repos/aFarkas/html5shiv/git/trees{/sha},https://api.github.com/repos/aFarkas/html5shiv/statuses/{sha},https://api.github.com/repos/aFarkas/html5shiv/languages,https://api.github.com/repos/aFarkas/html5shiv/stargazers,https://api.github.com/repos/aFarkas/html5shiv/contributors,https://api.github.com/repos/aFarkas/html5shiv/subscribers,https://api.github.com/repos/aFarkas/html5shiv/subscription,https://api.github.com/repos/aFarkas/html5shiv/commits{/sha},https://api.github.com/repos/aFarkas/html5shiv/git/commits{/sha},https://api.github.com/repos/aFarkas/html5shiv/comments{/number},https://api.github.com/repos/aFarkas/html5shiv/issues/comments{/number},https://api.github.com/repos/aFarkas/html5shiv/contents/{+path},https://api.github.com/repos/aFarkas/html5shiv/compare/{base}...{head},https://api.github.com/repos/aFarkas/html5shiv/merges,https://api.github.com/repos/aFarkas/html5shiv/{archive_format}{/ref},https://api.github.com/repos/aFarkas/html5shiv/downloads,https://api.github.com/repos/aFarkas/html5shiv/issues{/number},https://api.github.com/repos/aFarkas/html5shiv/pulls{/number},https://api.github.com/repos/aFarkas/html5shiv/milestones{/number},"https://api.github.com/repos/aFarkas/html5shiv/notifications{?since,all,participating}",https://api.github.com/repos/aFarkas/html5shiv/labels{/name},https://api.github.com/repos/aFarkas/html5shiv/releases{/id},2011-02-12T12:21:10Z,2015-06-16T11:27:01Z,2015-06-10T22:58:34Z,git://github.com/aFarkas/html5shiv.git,git@github.com:aFarkas/html5shiv.git,https://github.com/aFarkas/html5shiv.git,https://github.com/aFarkas/html5shiv,http://paulirish.com/2011/the-history-of-the-html5-shiv/,6174,5745,5745,JavaScript,TRUE,TRUE,TRUE,TRUE,1396,NA,41,1396,41,5745,master
8257106,JSQMessagesViewController,jessesquires/JSQMessagesViewController,FALSE,https://github.com/jessesquires/JSQMessagesViewController,An elegant messages UI library for iOS,FALSE,https://api.github.com/repos/jessesquires/JSQMessagesViewController,https://api.github.com/repos/jessesquires/JSQMessagesViewController/forks,https://api.github.com/repos/jessesquires/JSQMessagesViewController/keys{/key_id},https://api.github.com/repos/jessesquires/JSQMessagesViewController/collaborators{/collaborator},https://api.github.com/repos/jessesquires/JSQMessagesViewController/teams,https://api.github.com/repos/jessesquires/JSQMessagesViewController/hooks,https://api.github.com/repos/jessesquires/JSQMessagesViewController/issues/events{/number},https://api.github.com/repos/jessesquires/JSQMessagesViewController/events,https://api.github.com/repos/jessesquires/JSQMessagesViewController/assignees{/user},https://api.github.com/repos/jessesquires/JSQMessagesViewController/branches{/branch},https://api.github.com/repos/jessesquires/JSQMessagesViewController/tags,https://api.github.com/repos/jessesquires/JSQMessagesViewController/git/blobs{/sha},https://api.github.com/repos/jessesquires/JSQMessagesViewController/git/tags{/sha},https://api.github.com/repos/jessesquires/JSQMessagesViewController/git/refs{/sha},https://api.github.com/repos/jessesquires/JSQMessagesViewController/git/trees{/sha},https://api.github.com/repos/jessesquires/JSQMessagesViewController/statuses/{sha},https://api.github.com/repos/jessesquires/JSQMessagesViewController/languages,https://api.github.com/repos/jessesquires/JSQMessagesViewController/stargazers,https://api.github.com/repos/jessesquires/JSQMessagesViewController/contributors,https://api.github.com/repos/jessesquires/JSQMessagesViewController/subscribers,https://api.github.com/repos/jessesquires/JSQMessagesViewController/subscription,https://api.github.com/repos/jessesquires/JSQMessagesViewController/commits{/sha},https://api.github.com/repos/jessesquires/JSQMessagesViewController/git/commits{/sha},https://api.github.com/repos/jessesquires/JSQMessagesViewController/comments{/number},https://api.github.com/repos/jessesquires/JSQMessagesViewController/issues/comments{/number},https://api.github.com/repos/jessesquires/JSQMessagesViewController/contents/{+path},https://api.github.com/repos/jessesquires/JSQMessagesViewController/compare/{base}...{head},https://api.github.com/repos/jessesquires/JSQMessagesViewController/merges,https://api.github.com/repos/jessesquires/JSQMessagesViewController/{archive_format}{/ref},https://api.github.com/repos/jessesquires/JSQMessagesViewController/downloads,https://api.github.com/repos/jessesquires/JSQMessagesViewController/issues{/number},https://api.github.com/repos/jessesquires/JSQMessagesViewController/pulls{/number},https://api.github.com/repos/jessesquires/JSQMessagesViewController/milestones{/number},"https://api.github.com/repos/jessesquires/JSQMessagesViewController/notifications{?since,all,participating}",https://api.github.com/repos/jessesquires/JSQMessagesViewController/labels{/name},https://api.github.com/repos/jessesquires/JSQMessagesViewController/releases{/id},2013-02-17T21:40:44Z,2015-06-16T10:23:47Z,2015-06-16T11:34:44Z,git://github.com/jessesquires/JSQMessagesViewController.git,git@github.com:jessesquires/JSQMessagesViewController.git,https://github.com/jessesquires/JSQMessagesViewController.git,https://github.com/jessesquires/JSQMessagesViewController,http://jessesquires.com/JSQMessagesViewController,45079,5001,5001,Objective-C,TRUE,TRUE,TRUE,TRUE,1145,NA,118,1145,118,5001,develop
13048104,alfred-workflows,zenorocha/alfred-workflows,FALSE,https://github.com/zenorocha/alfred-workflows,A collection of Alfred 2 workflows that will rock your world,FALSE,https://api.github.com/repos/zenorocha/alfred-workflows,https://api.github.com/repos/zenorocha/alfred-workflows/forks,https://api.github.com/repos/zenorocha/alfred-workflows/keys{/key_id},https://api.github.com/repos/zenorocha/alfred-workflows/collaborators{/collaborator},https://api.github.com/repos/zenorocha/alfred-workflows/teams,https://api.github.com/repos/zenorocha/alfred-workflows/hooks,https://api.github.com/repos/zenorocha/alfred-workflows/issues/events{/number},https://api.github.com/repos/zenorocha/alfred-workflows/events,https://api.github.com/repos/zenorocha/alfred-workflows/assignees{/user},https://api.github.com/repos/zenorocha/alfred-workflows/branches{/branch},https://api.github.com/repos/zenorocha/alfred-workflows/tags,https://api.github.com/repos/zenorocha/alfred-workflows/git/blobs{/sha},https://api.github.com/repos/zenorocha/alfred-workflows/git/tags{/sha},https://api.github.com/repos/zenorocha/alfred-workflows/git/refs{/sha},https://api.github.com/repos/zenorocha/alfred-workflows/git/trees{/sha},https://api.github.com/repos/zenorocha/alfred-workflows/statuses/{sha},https://api.github.com/repos/zenorocha/alfred-workflows/languages,https://api.github.com/repos/zenorocha/alfred-workflows/stargazers,https://api.github.com/repos/zenorocha/alfred-workflows/contributors,https://api.github.com/repos/zenorocha/alfred-workflows/subscribers,https://api.github.com/repos/zenorocha/alfred-workflows/subscription,https://api.github.com/repos/zenorocha/alfred-workflows/commits{/sha},https://api.github.com/repos/zenorocha/alfred-workflows/git/commits{/sha},https://api.github.com/repos/zenorocha/alfred-workflows/comments{/number},https://api.github.com/repos/zenorocha/alfred-workflows/issues/comments{/number},https://api.github.com/repos/zenorocha/alfred-workflows/contents/{+path},https://api.github.com/repos/zenorocha/alfred-workflows/compare/{base}...{head},https://api.github.com/repos/zenorocha/alfred-workflows/merges,https://api.github.com/repos/zenorocha/alfred-workflows/{archive_format}{/ref},https://api.github.com/repos/zenorocha/alfred-workflows/downloads,https://api.github.com/repos/zenorocha/alfred-workflows/issues{/number},https://api.github.com/repos/zenorocha/alfred-workflows/pulls{/number},https://api.github.com/repos/zenorocha/alfred-workflows/milestones{/number},"https://api.github.com/repos/zenorocha/alfred-workflows/notifications{?since,all,participating}",https://api.github.com/repos/zenorocha/alfred-workflows/labels{/name},https://api.github.com/repos/zenorocha/alfred-workflows/releases{/id},2013-09-23T21:46:31Z,2015-06-15T21:45:20Z,2014-11-28T20:41:40Z,git://github.com/zenorocha/alfred-workflows.git,git@github.com:zenorocha/alfred-workflows.git,https://github.com/zenorocha/alfred-workflows.git,https://github.com/zenorocha/alfred-workflows,,36527,4782,4782,NA,TRUE,TRUE,TRUE,FALSE,353,NA,6,353,6,4782,master
5894096,code-guide,mdo/code-guide,FALSE,https://github.com/mdo/code-guide,"Standards for flexible, durable, and sustainable HTML and CSS.",FALSE,https://api.github.com/repos/mdo/code-guide,https://api.github.com/repos/mdo/code-guide/forks,https://api.github.com/repos/mdo/code-guide/keys{/key_id},https://api.github.com/repos/mdo/code-guide/collaborators{/collaborator},https://api.github.com/repos/mdo/code-guide/teams,https://api.github.com/repos/mdo/code-guide/hooks,https://api.github.com/repos/mdo/code-guide/issues/events{/number},https://api.github.com/repos/mdo/code-guide/events,https://api.github.com/repos/mdo/code-guide/assignees{/user},https://api.github.com/repos/mdo/code-guide/branches{/branch},https://api.github.com/repos/mdo/code-guide/tags,https://api.github.com/repos/mdo/code-guide/git/blobs{/sha},https://api.github.com/repos/mdo/code-guide/git/tags{/sha},https://api.github.com/repos/mdo/code-guide/git/refs{/sha},https://api.github.com/repos/mdo/code-guide/git/trees{/sha},https://api.github.com/repos/mdo/code-guide/statuses/{sha},https://api.github.com/repos/mdo/code-guide/languages,https://api.github.com/repos/mdo/code-guide/stargazers,https://api.github.com/repos/mdo/code-guide/contributors,https://api.github.com/repos/mdo/code-guide/subscribers,https://api.github.com/repos/mdo/code-guide/subscription,https://api.github.com/repos/mdo/code-guide/commits{/sha},https://api.github.com/repos/mdo/code-guide/git/commits{/sha},https://api.github.com/repos/mdo/code-guide/comments{/number},https://api.github.com/repos/mdo/code-guide/issues/comments{/number},https://api.github.com/repos/mdo/code-guide/contents/{+path},https://api.github.com/repos/mdo/code-guide/compare/{base}...{head},https://api.github.com/repos/mdo/code-guide/merges,https://api.github.com/repos/mdo/code-guide/{archive_format}{/ref},https://api.github.com/repos/mdo/code-guide/downloads,https://api.github.com/repos/mdo/code-guide/issues{/number},https://api.github.com/repos/mdo/code-guide/pulls{/number},https://api.github.com/repos/mdo/code-guide/milestones{/number},"https://api.github.com/repos/mdo/code-guide/notifications{?since,all,participating}",https://api.github.com/repos/mdo/code-guide/labels{/name},https://api.github.com/repos/mdo/code-guide/releases{/id},2012-09-20T22:53:37Z,2015-06-16T19:34:56Z,2015-05-27T05:26:22Z,git://github.com/mdo/code-guide.git,git@github.com:mdo/code-guide.git,https://github.com/mdo/code-guide.git,https://github.com/mdo/code-guide,http://codeguide.co,1106,4511,4511,HTML,TRUE,TRUE,FALSE,TRUE,665,NA,15,665,15,4511,gh-pages
448045,phpunit,sebastianbergmann/phpunit,FALSE,https://github.com/sebastianbergmann/phpunit,The PHP Unit Testing framework.,FALSE,https://api.github.com/repos/sebastianbergmann/phpunit,https://api.github.com/repos/sebastianbergmann/phpunit/forks,https://api.github.com/repos/sebastianbergmann/phpunit/keys{/key_id},https://api.github.com/repos/sebastianbergmann/phpunit/collaborators{/collaborator},https://api.github.com/repos/sebastianbergmann/phpunit/teams,https://api.github.com/repos/sebastianbergmann/phpunit/hooks,https://api.github.com/repos/sebastianbergmann/phpunit/issues/events{/number},https://api.github.com/repos/sebastianbergmann/phpunit/events,https://api.github.com/repos/sebastianbergmann/phpunit/assignees{/user},https://api.github.com/repos/sebastianbergmann/phpunit/branches{/branch},https://api.github.com/repos/sebastianbergmann/phpunit/tags,https://api.github.com/repos/sebastianbergmann/phpunit/git/blobs{/sha},https://api.github.com/repos/sebastianbergmann/phpunit/git/tags{/sha},https://api.github.com/repos/sebastianbergmann/phpunit/git/refs{/sha},https://api.github.com/repos/sebastianbergmann/phpunit/git/trees{/sha},https://api.github.com/repos/sebastianbergmann/phpunit/statuses/{sha},https://api.github.com/repos/sebastianbergmann/phpunit/languages,https://api.github.com/repos/sebastianbergmann/phpunit/stargazers,https://api.github.com/repos/sebastianbergmann/phpunit/contributors,https://api.github.com/repos/sebastianbergmann/phpunit/subscribers,https://api.github.com/repos/sebastianbergmann/phpunit/subscription,https://api.github.com/repos/sebastianbergmann/phpunit/commits{/sha},https://api.github.com/repos/sebastianbergmann/phpunit/git/commits{/sha},https://api.github.com/repos/sebastianbergmann/phpunit/comments{/number},https://api.github.com/repos/sebastianbergmann/phpunit/issues/comments{/number},https://api.github.com/repos/sebastianbergmann/phpunit/contents/{+path},https://api.github.com/repos/sebastianbergmann/phpunit/compare/{base}...{head},https://api.github.com/repos/sebastianbergmann/phpunit/merges,https://api.github.com/repos/sebastianbergmann/phpunit/{archive_format}{/ref},https://api.github.com/repos/sebastianbergmann/phpunit/downloads,https://api.github.com/repos/sebastianbergmann/phpunit/issues{/number},https://api.github.com/repos/sebastianbergmann/phpunit/pulls{/number},https://api.github.com/repos/sebastianbergmann/phpunit/milestones{/number},"https://api.github.com/repos/sebastianbergmann/phpunit/notifications{?since,all,participating}",https://api.github.com/repos/sebastianbergmann/phpunit/labels{/name},https://api.github.com/repos/sebastianbergmann/phpunit/releases{/id},2009-12-24T13:16:23Z,2015-06-16T11:41:20Z,2015-06-16T16:12:50Z,git://github.com/sebastianbergmann/phpunit.git,git@github.com:sebastianbergmann/phpunit.git,https://github.com/sebastianbergmann/phpunit.git,https://github.com/sebastianbergmann/phpunit,https://phpunit.de/,37693,4424,4424,PHP,TRUE,FALSE,TRUE,FALSE,999,NA,205,999,205,4424,master
1431547,django-rest-framework,tomchristie/django-rest-framework,FALSE,https://github.com/tomchristie/django-rest-framework,Web APIs for Django.,FALSE,https://api.github.com/repos/tomchristie/django-rest-framework,https://api.github.com/repos/tomchristie/django-rest-framework/forks,https://api.github.com/repos/tomchristie/django-rest-framework/keys{/key_id},https://api.github.com/repos/tomchristie/django-rest-framework/collaborators{/collaborator},https://api.github.com/repos/tomchristie/django-rest-framework/teams,https://api.github.com/repos/tomchristie/django-rest-framework/hooks,https://api.github.com/repos/tomchristie/django-rest-framework/issues/events{/number},https://api.github.com/repos/tomchristie/django-rest-framework/events,https://api.github.com/repos/tomchristie/django-rest-framework/assignees{/user},https://api.github.com/repos/tomchristie/django-rest-framework/branches{/branch},https://api.github.com/repos/tomchristie/django-rest-framework/tags,https://api.github.com/repos/tomchristie/django-rest-framework/git/blobs{/sha},https://api.github.com/repos/tomchristie/django-rest-framework/git/tags{/sha},https://api.github.com/repos/tomchristie/django-rest-framework/git/refs{/sha},https://api.github.com/repos/tomchristie/django-rest-framework/git/trees{/sha},https://api.github.com/repos/tomchristie/django-rest-framework/statuses/{sha},https://api.github.com/repos/tomchristie/django-rest-framework/languages,https://api.github.com/repos/tomchristie/django-rest-framework/stargazers,https://api.github.com/repos/tomchristie/django-rest-framework/contributors,https://api.github.com/repos/tomchristie/django-rest-framework/subscribers,https://api.github.com/repos/tomchristie/django-rest-framework/subscription,https://api.github.com/repos/tomchristie/django-rest-framework/commits{/sha},https://api.github.com/repos/tomchristie/django-rest-framework/git/commits{/sha},https://api.github.com/repos/tomchristie/django-rest-framework/comments{/number},https://api.github.com/repos/tomchristie/django-rest-framework/issues/comments{/number},https://api.github.com/repos/tomchristie/django-rest-framework/contents/{+path},https://api.github.com/repos/tomchristie/django-rest-framework/compare/{base}...{head},https://api.github.com/repos/tomchristie/django-rest-framework/merges,https://api.github.com/repos/tomchristie/django-rest-framework/{archive_format}{/ref},https://api.github.com/repos/tomchristie/django-rest-framework/downloads,https://api.github.com/repos/tomchristie/django-rest-framework/issues{/number},https://api.github.com/repos/tomchristie/django-rest-framework/pulls{/number},https://api.github.com/repos/tomchristie/django-rest-framework/milestones{/number},"https://api.github.com/repos/tomchristie/django-rest-framework/notifications{?since,all,participating}",https://api.github.com/repos/tomchristie/django-rest-framework/labels{/name},https://api.github.com/repos/tomchristie/django-rest-framework/releases{/id},2011-03-02T17:13:56Z,2015-06-16T19:32:56Z,2015-06-16T19:34:32Z,git://github.com/tomchristie/django-rest-framework.git,git@github.com:tomchristie/django-rest-framework.git,https://github.com/tomchristie/django-rest-framework.git,https://github.com/tomchristie/django-rest-framework,www.django-rest-framework.org,32738,4157,4157,Python,TRUE,TRUE,FALSE,TRUE,1319,NA,142,1319,142,4157,master
8575137,butterknife,JakeWharton/butterknife,FALSE,https://github.com/JakeWharton/butterknife,"View ""injection"" library for Android.",FALSE,https://api.github.com/repos/JakeWharton/butterknife,https://api.github.com/repos/JakeWharton/butterknife/forks,https://api.github.com/repos/JakeWharton/butterknife/keys{/key_id},https://api.github.com/repos/JakeWharton/butterknife/collaborators{/collaborator},https://api.github.com/repos/JakeWharton/butterknife/teams,https://api.github.com/repos/JakeWharton/butterknife/hooks,https://api.github.com/repos/JakeWharton/butterknife/issues/events{/number},https://api.github.com/repos/JakeWharton/butterknife/events,https://api.github.com/repos/JakeWharton/butterknife/assignees{/user},https://api.github.com/repos/JakeWharton/butterknife/branches{/branch},https://api.github.com/repos/JakeWharton/butterknife/tags,https://api.github.com/repos/JakeWharton/butterknife/git/blobs{/sha},https://api.github.com/repos/JakeWharton/butterknife/git/tags{/sha},https://api.github.com/repos/JakeWharton/butterknife/git/refs{/sha},https://api.github.com/repos/JakeWharton/butterknife/git/trees{/sha},https://api.github.com/repos/JakeWharton/butterknife/statuses/{sha},https://api.github.com/repos/JakeWharton/butterknife/languages,https://api.github.com/repos/JakeWharton/butterknife/stargazers,https://api.github.com/repos/JakeWharton/butterknife/contributors,https://api.github.com/repos/JakeWharton/butterknife/subscribers,https://api.github.com/repos/JakeWharton/butterknife/subscription,https://api.github.com/repos/JakeWharton/butterknife/commits{/sha},https://api.github.com/repos/JakeWharton/butterknife/git/commits{/sha},https://api.github.com/repos/JakeWharton/butterknife/comments{/number},https://api.github.com/repos/JakeWharton/butterknife/issues/comments{/number},https://api.github.com/repos/JakeWharton/butterknife/contents/{+path},https://api.github.com/repos/JakeWharton/butterknife/compare/{base}...{head},https://api.github.com/repos/JakeWharton/butterknife/merges,https://api.github.com/repos/JakeWharton/butterknife/{archive_format}{/ref},https://api.github.com/repos/JakeWharton/butterknife/downloads,https://api.github.com/repos/JakeWharton/butterknife/issues{/number},https://api.github.com/repos/JakeWharton/butterknife/pulls{/number},https://api.github.com/repos/JakeWharton/butterknife/milestones{/number},"https://api.github.com/repos/JakeWharton/butterknife/notifications{?since,all,participating}",https://api.github.com/repos/JakeWharton/butterknife/labels{/name},https://api.github.com/repos/JakeWharton/butterknife/releases{/id},2013-03-05T08:18:59Z,2015-06-16T19:26:40Z,2015-06-07T09:21:12Z,git://github.com/JakeWharton/butterknife.git,git@github.com:JakeWharton/butterknife.git,https://github.com/JakeWharton/butterknife.git,https://github.com/JakeWharton/butterknife,http://jakewharton.github.io/butterknife/,4424,4008,4008,Java,TRUE,TRUE,FALSE,TRUE,832,NA,26,832,26,4008,master
